서면1번가,,,,NNP,*,F,서면1번가,*,*,*,*
재난안전체험관,,,,NNP,*,T,재난안전체험관,*,*,*,*
광안리해수욕장,,,,NNP,*,T,광안리해수욕장,*,*,*,*
송정해수욕장,,,,NNP,*,T,송정해수욕장,*,*,*,*
해운대해수욕장,,,,NNP,*,T,해운대해수욕장,*,*,*,*
오륙도,,,,NNP,*,F,오륙도,*,*,*,*
일광해수욕장,,,,NNP,*,T,일광해수욕장,*,*,*,*
해운대온천센터,,,,NNP,*,F,해운대온천센터,*,*,*,*
어린이대공원,,,,NNP,*,T,어린이대공원,*,*,*,*
에덴공원,,,,NNP,*,T,에덴공원,*,*,*,*
용두산공원,,,,NNP,*,T,용두산공원,*,*,*,*
송도해수욕장,,,,NNP,*,T,송도해수욕장,*,*,*,*
범어사,,,,NNP,*,F,범어사,*,*,*,*
부산,,,,NNP,*,F,부산,*,*,*,*
동명불원,,,,NNP,*,T,동명불원,*,*,*,*
충렬사,,,,NNP,*,F,충렬사,*,*,*,*
UN기념공원,,,,NNP,*,T,UN기념공원,*,*,*,*
금정산성,,,,NNP,*,T,금정산성,*,*,*,*
태종대,,,,NNP,*,F,태종대,*,*,*,*
해운대 달맞이길,,,,NNP,*,T,해운대달맞이길,*,*,*,*
민락수변공원,,,,NNP,*,T,민락수변공원,*,*,*,*
25의용단,,,,NNP,*,T,25의용단,*,*,*,*
진성공원,,,,NNP,*,T,진성공원,*,*,*,*
광복로문화패션거리,,,,NNP,*,F,광복로문화패션거리,*,*,*,*
수미르공원,,,,NNP,*,T,수미르공원,*,*,*,*
삼광사,,,,NNP,*,F,삼광사,*,*,*,*
차이나타운,,,,NNP,*,T,차이나타운,*,*,*,*
허심청,,,,NNP,*,T,허심청,*,*,*,*
금강공원,,,,NNP,*,T,금강공원,*,*,*,*
BIFF 광장,,,,NNP,*,F,BIFF광장,*,*,*,*
다이아몬드타워,,,,NNP,*,T,다이아몬드타워,*,*,*,*
수영사적공원,,,,NNP,*,T,수영사적공원,*,*,*,*
대천천,,,,NNP,*,T,대천천,*,*,*,*
을숙도 공원,,,,NNP,*,T,을숙도공원,*,*,*,*
광안리해변 테마거리,,,,NNP,*,F,광안리해변테마거리,*,*,*,*
스포원파크,,,,NNP,*,F,스포원파크,*,*,*,*
선암사,,,,NNP,*,F,선암사,*,*,*,*
옥련선원,,,,NNP,*,T,옥련선원,*,*,*,*
광안대교,,,,NNP,*,F,광안대교,*,*,*,*
황령산,,,,NNP,*,T,황령산,*,*,*,*
대항 어촌체험 휴양마을,,,,NNP,*,T,대항어촌체험휴양마을,*,*,*,*
40계단 문화관광테마거리,,,,NNP,*,F,40계단문화관광테마거리,*,*,*,*
동백공원,,,,NNP,*,T,동백공원,*,*,*,*
올림픽동산,,,,NNP,*,T,올림픽동산,*,*,*,*
암남공원,,,,NNP,*,T,암남공원,*,*,*,*
금련산,,,,NNP,*,T,금련산,*,*,*,*
오륙도등대,,,,NNP,*,F,오륙도등대,*,*,*,*
가덕도등대,,,,NNP,*,F,가덕도등대,*,*,*,*
청사포,,,,NNP,*,F,청사포,*,*,*,*
좌수영성지,,,,NNP,*,F,좌수영성지,*,*,*,*
삼락생태공원,,,,NNP,*,T,삼락생태공원,*,*,*,*
동래향교,,,,NNP,*,F,동래향교,*,*,*,*
태종대 전망대,,,,NNP,*,F,태종대전망대,*,*,*,*
남도해양관광열차,,,,NNP,*,F,남도해양관광열차,*,*,*,*
S-트레인,,,,NNP,*,T,S-트레인,*,*,*,*
S-train,,,,NNP,*,T,S-train,*,*,*,*
가톨릭특성화거리,,,,NNP,*,F,가톨릭특성화거리,*,*,*,*
옛백제병원,,,,NNP,*,T,옛백제병원,*,*,*,*
김민부전망대,,,,NNP,*,F,김민부전망대,*,*,*,*
남선창고터,,,,NNP,*,F,남선창고터,*,*,*,*
168계단,,,,NNP,*,T,168계단,*,*,*,*
유치환 우체통 전망대,,,,NNP,*,F,유치환우체통전망대,*,*,*,*
부평 족발 골목,,,,NNP,*,T,부평족발골목,*,*,*,*
자갈치 양곱창 골목,,,,NNP,*,T,자갈치양곱창골목,*,*,*,*
감천문화마을,,,,NNP,*,T,감천문화마을,*,*,*,*
허브랑야생화,,,,NNP,*,F,허브랑야생화,*,*,*,*
복천동 고분군,,,,NNP,*,T,복천동고분군,*,*,*,*
더베이101,,,,NNP,*,F,더베이101,*,*,*,*
영화촬영스튜디오,,,,NNP,*,F,영화촬영스튜디오,*,*,*,*
아홉산숲,,,,NNP,*,T,아홉산숲,*,*,*,*
F1963,,,,NNP,*,T,F1963,*,*,*,*
복합문화공간,,,,NNP,*,T,복합문화공간,*,*,*,*
영화의 전당,,,,NNP,*,T,영화의전당,*,*,*,*
맥도생태공원,,,,NNP,*,T,맥도생태공원,*,*,*,*
화명생태공원,,,,NNP,*,T,화명생태공원,*,*,*,*
키자니아,,,,NNP,*,T,키자니아,*,*,*,*
송도해상케이블카,,,,NNP,*,F,송도해상케이블카,*,*,*,*
절영해안산책로,,,,NNP,*,F,절영해안산책로,*,*,*,*
대교,,,,NNP,*,F,대교,*,*,*,*
75광장,,,,NNP,*,T,75광장,*,*,*,*
깡깡이 예술마을,,,,NNP,*,T,깡깡이예술마을,*,*,*,*
팬스타주말원나잇크루즈,,,,NNP,*,F,팬스타주말원나잇크루즈,*,*,*,*
가덕도 외양포,,,,NNP,*,F,가덕도외양포,*,*,*,*
초량 이바구길,,,,NNP,*,T,초량이바구길,*,*,*,*
장림포구,,,,NNP,*,F,장림포구,*,*,*,*
영도 흰여울해안터널,,,,NNP,*,T,영도흰여울해안터널,*,*,*,*
달음산자연휴양림,,,,NNP,*,T,달음산자연휴양림,*,*,*,*
구상반려암,,,,NNP,*,T,구상반려암,*,*,*,*
낙동강하구,,,,NNP,*,F,낙동강하구,*,*,*,*
두도,,,,NNP,*,F,두도,*,*,*,*
두송반도,,,,NNP,*,F,두송반도,*,*,*,*
몰운대,,,,NNP,*,F,몰운대,*,*,*,*
백양산,,,,NNP,*,T,백양산,*,*,*,*
송도반도,,,,NNP,*,F,송도반도,*,*,*,*
장산,,,,NNP,*,T,장산,*,*,*,*
마린시티,,,,NNP,*,F,마린시티,*,*,*,*
북맛골,,,,NNP,*,T,북맛골,*,*,*,*
금정산성마을 먹거리촌,,,,NNP,*,T,금정산성마을먹거리촌,*,*,*,*
치유의 숲,,,,NNP,*,T,치유의숲,*,*,*,*
안데르센 동화마을,,,,NNP,*,T,안데르센동화마을,*,*,*,*
회동수원지,,,,NNP,*,F,회동수원지,*,*,*,*
호천마을,,,,NNP,*,T,호천마을,*,*,*,*
죽성성당,,,,NNP,*,T,죽성성당,*,*,*,*
엑스더스카이,,,,NNP,*,F,엑스더스카이,*,*,*,*
역사의 디오라마,,,,NNP,*,F,역사의디오라마,*,*,*,*
해운대 블루라인파크,,,,NNP,*,F,해운대블루라인파크,*,*,*,*
승학산,,,,NNP,*,T,승학산,*,*,*,*
땅뫼산,,,,NNP,*,T,땅뫼산,*,*,*,*
영도 청학배수지 전망대,,,,NNP,*,F,영도청학배수지전망대,*,*,*,*
우암동 도시 숲,,,,NNP,*,T,우암동도시숲,*,*,*,*
흰여울문화마을,,,,NNP,*,T,흰여울문화마을,*,*,*,*
기장해녀촌,,,,NNP,*,T,기장해녀촌,*,*,*,*
연화리횟촌,,,,NNP,*,T,연화리횟촌,*,*,*,*
광안리 SUP Zone,,,,NNP,*,T,광안리SUPZone,*,*,*,*
이중섭거리,,,,NNP,*,F,이중섭거리,*,*,*,*
가덕도,,,,NNP,*,F,가덕도,*,*,*,*
월전포구,,,,NNP,*,F,월전포구,*,*,*,*
월전방파제,,,,NNP,*,F,월전방파제,*,*,*,*
죽성항,,,,NNP,*,T,죽성항,*,*,*,*
황학대,,,,NNP,*,T,황학대,*,*,*,*
영주하늘눈전망대,,,,NNP,*,F,영주하늘눈전망대,*,*,*,*
천마산하늘전망대,,,,NNP,*,F,천마산하늘전망대,*,*,*,*
캐비네 드 쁘아쏭,,,,NNP,*,T,캐비네드쁘아쏭,*,*,*,*
황령산,,,,NNP,*,F,황령산,*,*,*,*
황령산 전망대,,,,NNP,*,F,황령산전망대,*,*,*,*
아미산,,,,NNP,*,F,아미산,*,*,*,*
아미산 전망대,,,,NNP,*,F,아미산전망대,*,*,*,*
청학 수변공원,,,,NNP,*,T,청학수변공원,*,*,*,*
영도 하늘전망대,,,,NNP,*,F,영도하늘전망대,*,*,*,*
대항전망대,,,,NNP,*,F,대항전망대,*,*,*,*
천성항 방파제등대,,,,NNP,*,F,천성항방파제등대,*,*,*,*
구덕문화공원,,,,NNP,*,T,구덕문화공원,*,*,*,*
대신공원,,,,NNP,*,T,대신공원,*,*,*,*
민주공원,,,,NNP,*,T,민주공원,*,*,*,*
중앙공원,,,,NNP,*,T,중앙공원,*,*,*,*
장미원,,,,NNP,*,T,장미원,*,*,*,*
구포 어린이교통공원,,,,NNP,*,T,구포어린이교통공원,*,*,*,*
화명수목원,,,,NNP,*,T,화명수목원,*,*,*,*
소두방공원,,,,NNP,*,T,소두방공원,*,*,*,*
신평소공원,,,,NNP,*,T,신평소공원,*,*,*,*
장안사계곡,,,,NNP,*,T,장안사계곡,*,*,*,*
은진사,,,,NNP,*,F,은진사,*,*,*,*
홍연폭포,,,,NNP,*,F,홍연폭포,*,*,*,*
송상현광장,,,,NNP,*,T,송상현광장,*,*,*,*
오륜대전망대,,,,NNP,*,F,오륜대전망대,*,*,*,*
미포,,,,NNP,*,F,미포,*,*,*,*
삼익비치수변공원,,,,NNP,*,T,삼익비치수변공원,*,*,*,*
오시리아 해안산책로,,,,NNP,*,F,오시리아해안산책로,*,*,*,*
센텀 APEC나루공원,,,,NNP,*,T,센텀APEC나루공원,*,*,*,*
안심치유정원,,,,NNP,*,T,안심치유정원,*,*,*,*
곰내연밭,,,,NNP,*,T,곰내연밭,*,*,*,*
송정역,,,,NNP,*,T,송정역,*,*,*,*
가덕해양파크휴게소,,,,NNP,*,F,가덕해양파크휴게소,*,*,*,*
해운대수목원,,,,NNP,*,T,해운대수목원,*,*,*,*
해리단길,,,,NNP,*,T,해리단길,*,*,*,*
낙동강 생태탐방선,,,,NNP,*,T,낙동강생태탐방선,*,*,*,*
대연수목전시원,,,,NNP,*,T,대연수목전시원,*,*,*,*
라벤더팜,,,,NNP,*,T,라벤더팜,*,*,*,*
다대포항,,,,NNP,*,T,다대포항,*,*,*,*
미포항,,,,NNP,*,T,미포항,*,*,*,*
부산남항,,,,NNP,*,T,부산남항,*,*,*,*
관음사,,,,NNP,*,F,관음사,*,*,*,*
국제크루즈터미널,,,,NNP,*,T,국제크루즈터미널,*,*,*,*
감지해변,,,,NNP,*,T,감지해변,*,*,*,*
감천동편부두,,,,NNP,*,F,감천동편부두,*,*,*,*
감천항,,,,NNP,*,T,감천항,*,*,*,*
사상근린공원,,,,NNP,*,T,사상근린공원,*,*,*,*
대항선착장,,,,NNP,*,T,대항선착장,*,*,*,*
하리선착장,,,,NNP,*,T,하리선착장,*,*,*,*
가야공원,,,,NNP,*,T,가야공원,*,*,*,*
가야산책공원,,,,NNP,*,T,가야산책공원,*,*,*,*
외양포항,,,,NNP,*,T,외양포항,*,*,*,*
연태봉,,,,NNP,*,T,연태봉,*,*,*,*
정란각,,,,NNP,*,T,정란각,*,*,*,*
문화공감수정,,,,NNP,*,T,문화공감수정,*,*,*,*
가덕도대항인공동굴,,,,NNP,*,T,가덕도대항인공동굴,*,*,*,*
월전장어구이촌,,,,NNP,*,T,월전장어구이촌,*,*,*,*
금정산성 막걸리,,,,NNP,*,F,금정산성막걸리,*,*,*,*
화전공원,,,,NNP,*,T,화전공원,*,*,*,*
델타루,,,,NNP,*,F,델타루,*,*,*,*
에코델타시티 전망대,,,,NNP,*,F,에코델타시티전망대,*,*,*,*
캐니언파크,,,,NNP,*,T,캐니언파크,*,*,*,*
롯데월드,,,,NNP,*,F,롯데월드,*,*,*,*
용호별빛공원,,,,NNP,*,T,용호별빛공원,*,*,*,*
동래온천길,,,,NNP,*,T,동래온천길,*,*,*,*
온천천 산책코스,,,,NNP,*,T,온천천산책코스,*,*,*,*
해운대 그린레일웨이,,,,NNP,*,F,해운대그린레일웨이,*,*,*,*
칠드런스 뮤지엄,,,,NNP,*,T,칠드런스뮤지엄,*,*,*,*
통일아시아드공원,,,,NNP,*,T,통일아시아드공원,*,*,*,*
녹산고향동산,,,,NNP,*,T,녹산고향동산,*,*,*,*
오륙도해맞이공원,,,,NNP,*,T,오륙도해맞이공원,*,*,*,*
이기대 섭자리,,,,NNP,*,F,이기대섭자리,*,*,*,*
달맞이동산,,,,NNP,*,T,달맞이동산,*,*,*,*
대천공원,,,,NNP,*,T,대천공원,*,*,*,*
감천사,,,,NNP,*,F,감천사,*,*,*,*
국청사,,,,NNP,*,F,국청사,*,*,*,*
금수사,,,,NNP,*,F,금수사,*,*,*,*
금정선원,,,,NNP,*,T,금정선원,*,*,*,*
마하사,,,,NNP,*,F,마하사,*,*,*,*
미륵사,,,,NNP,*,F,미륵사,*,*,*,*
법륜사,,,,NNP,*,F,법륜사,*,*,*,*
소름요,,,,NNP,*,F,소름요,*,*,*,*
신세계 센텀시티,,,,NNP,*,F,신세계센텀시티,*,*,*,*
낙동강하구에코센터,,,,NNP,*,F,낙동강하구에코센터,*,*,*,*
동백섬,,,,NNP,*,T,동백섬,*,*,*,*
해운대 동백섬,,,,NNP,*,T,해운대동백섬,*,*,*,*
금정산,,,,NNP,*,T,금정산,*,*,*,*
다대포해수욕장,,,,NNP,*,T,다대포해수욕장,*,*,*,*
장안사,,,,NNP,*,F,장안사,*,*,*,*
태종사,,,,NNP,*,F,태종사,*,*,*,*
초량교회,,,,NNP,*,F,초량교회,*,*,*,*
해동 용궁사,,,,NNP,*,F,해동용궁사,*,*,*,*
중앙공원,,,,NNP,*,T,중앙공원,*,*,*,*
친환경 스카이웨이 전망대,,,,NNP,*,F,친환경스카이웨이전망대,*,*,*,*
이바구길,,,,NNP,*,F,이바구길,*,*,*,*
민주공원,,,,NNP,*,T,민주공원,*,*,*,*
태종대온천찜질방,,,,NNP,*,T,태종대온천찜질방,*,*,*,*
평화공원,,,,NNP,*,T,평화공원,*,*,*,*
공수어촌체험마을,,,,NNP,*,T,공수어촌체험마을,*,*,*,*
동래온천,,,,NNP,*,T,동래온천,*,*,*,*
동래온천 노천족탕,,,,NNP,*,T,동래온천노천족탕,*,*,*,*
금강식물원,,,,NNP,*,T,금강식물원,*,*,*,*
대변마을,,,,NNP,*,T,대변마을,*,*,*,*
영도 등대,,,,NNP,*,F,영도등대,*,*,*,*
영도대교,,,,NNP,*,F,영도대교,*,*,*,*
죽도공원,,,,NNP,*,T,죽도공원,*,*,*,*
송정 죽도공원,,,,NNP,*,T,송정죽도공원,*,*,*,*
문화공감 수정,,,,NNP,*,T,문화공감수정,*,*,*,*
수정동 일본식 가옥,,,,NNP,*,T,수정동일본식가옥,*,*,*,*
진지성,,,,NNP,*,T,진지성,*,*,*,*
진일신여학교,,,,NNP,*,F,진일신여학교,*,*,*,*
온정개건비,,,,NNP,*,F,온정개건비,*,*,*,*
해월정,,,,NNP,*,T,해월정,*,*,*,*
전포카페거리,,,,NNP,*,F,전포카페거리,*,*,*,*
임랑해수욕장,,,,NNP,*,T,임랑해수욕장,*,*,*,*
신선대,,,,NNP,*,F,신선대,*,*,*,*
오륙도 스카이워크,,,,NNP,*,F,오륙도스카이워크,*,*,*,*
대각사,,,,NNP,*,F,대각사,*,*,*,*
수리조선소길,,,,NNP,*,T,수리조선소길,*,*,*,*
당산,,,,NNP,*,T,당산,*,*,*,*
관수옥과 초량왜관 터,,,,NNP,*,F,관수옥과초량왜관터,*,*,*,*
이기대,,,,NNP,*,F,이기대,*,*,*,*
기장향교,,,,NNP,*,F,기장향교,*,*,*,*
용두산,,,,NNP,*,F,용두산,*,*,*,*
용두산 자갈치 관광특구,,,,NNP,*,F,용두산자갈치관광특구,*,*,*,*
삼진어묵체험관,,,,NNP,*,T,삼진어묵체험관,*,*,*,*
삼진어묵체험역사관,,,,NNP,*,T,삼진어묵체험역사관,*,*,*,*
대저생태공원,,,,NNP,*,T,대저생태공원,*,*,*,*
봉래산,,,,NNP,*,T,봉래산,*,*,*,*
영화체험박물관,,,,NNP,*,T,영화체험박물관,*,*,*,*
차량융합기술단,,,,NNP,*,T,차량융합기술단,*,*,*,*
철도차량정비단,,,,NNP,*,T,철도차량정비단,*,*,*,*
만들숲,,,,NNP,*,T,만들숲,*,*,*,*
낙동강문화관,,,,NNP,*,T,낙동강문화관,*,*,*,*
청사포,,,,NNP,*,F,청사포,*,*,*,*
청사포 다릿돌전망대,,,,NNP,*,F,청사포다릿돌전망대,*,*,*,*
산복도로,,,,NNP,*,F,산복도로,*,*,*,*
동래읍성지,,,,NNP,*,F,동래읍성지,*,*,*,*
아미르공원,,,,NNP,*,T,아미르공원,*,*,*,*
구포만세거리,,,,NNP,*,F,구포만세거리,*,*,*,*
시민공원,,,,NNP,*,T,시민공원,*,*,*,*
백양산 웰빙숲,,,,NNP,*,T,백양산웰빙숲,*,*,*,*
KT&G 상상마당,,,,NNP,*,T,KT&G상상마당,*,*,*,*
송도용궁구름다리,,,,NNP,*,F,송도용궁구름다리,*,*,*,*
해운대리버크루즈,,,,NNP,*,F,해운대리버크루즈,*,*,*,*
성지곡수원지,,,,NNP,*,F,성지곡수원지,*,*,*,*
가덕도 연대봉,,,,NNP,*,T,가덕도연대봉,*,*,*,*
용소웰빙공원,,,,NNP,*,T,용소웰빙공원,*,*,*,*
물빛색스튜디오,,,,NNP,*,F,물빛색스튜디오,*,*,*,*
대저수문 생태공원,,,,NNP,*,T,대저수문생태공원,*,*,*,*
비석문화마을,,,,NNP,*,T,비석문화마을,*,*,*,*
닥밭골 벽화마을,,,,NNP,*,T,닥밭골벽화마을,*,*,*,*
해동성취사,,,,NNP,*,F,해동성취사,*,*,*,*
노지캠핑,,,,NNP,*,F,노지캠핑,*,*,*,*
해광사,,,,NNP,*,F,해광사,*,*,*,*
학리항,,,,NNP,*,T,학리항,*,*,*,*
학리방파제,,,,NNP,*,T,학리방파제,*,*,*,*
칠암항,,,,NNP,*,T,칠암항,*,*,*,*
젖병등대,,,,NNP,*,F,젖병등대,*,*,*,*
옥정사,,,,NNP,*,F,옥정사,*,*,*,*
이동항,,,,NNP,*,T,이동항,*,*,*,*
묘관음사,,,,NNP,*,F,묘관음사,*,*,*,*
감만시민공원,,,,NNP,*,T,감만시민공원,*,*,*,*
누리바라기전망대,,,,NNP,*,F,누리바라기전망대,*,*,*,*
만덕고개,,,,NNP,*,F,만덕고개,*,*,*,*
만덕고개 누리길,,,,NNP,*,F,만덕고개누리길,*,*,*,*
만덕고개 누리길 전망데크,,,,NNP,*,F,만덕고개누리길전망데크,*,*,*,*
울림공원,,,,NNP,*,T,울림공원,*,*,*,*
신호공원,,,,NNP,*,T,신호공원,*,*,*,*
온천천시민공원,,,,NNP,*,T,온천천시민공원,*,*,*,*
보람공원,,,,NNP,*,T,보람공원,*,*,*,*
명지동근린공원,,,,NNP,*,T,명지동근린공원,*,*,*,*
밀락더마켓,,,,NNP,*,T,밀락더마켓,*,*,*,*
성암사,,,,NNP,*,F,성암사,*,*,*,*
안적사,,,,NNP,*,F,안적사,*,*,*,*
약수암,,,,NNP,*,T,약수암,*,*,*,*
운수사,,,,NNP,*,F,운수사,*,*,*,*
조방해수탕,,,,NNP,*,T,조방해수탕,*,*,*,*
혜원정사,,,,NNP,*,F,혜원정사,*,*,*,*
중앙해수랜드,,,,NNP,*,F,중앙해수랜드,*,*,*,*
스파랜드,,,,NNP,*,F,스파랜드,*,*,*,*
스파랜드 센텀시티,,,,NNP,*,F,스파랜드센텀시티,*,*,*,*
다대포,,,,NNP,*,F,다대포,*,*,*,*
다대포 꿈의 낙조분수,,,,NNP,*,F,다대포꿈의낙조분수,*,*,*,*
내원정사,,,,NNP,*,F,내원정사,*,*,*,*
어촌민속관,,,,NNP,*,T,어촌민속관,*,*,*,*
가톨릭센터,,,,NNP,*,F,가톨릭센터,*,*,*,*
박물관,,,,NNP,*,T,박물관,*,*,*,*
정인갤러리,,,,NNP,*,F,정인갤러리,*,*,*,*
추리문학관,,,,NNP,*,T,추리문학관,*,*,*,*
복천박물관,,,,NNP,*,T,복천박물관,*,*,*,*
백산기념관,,,,NNP,*,T,백산기념관,*,*,*,*
시립미술관,,,,NNP,*,T,시립미술관,*,*,*,*
구덕 민속예술관,,,,NNP,*,T,구덕민속예술관,*,*,*,*
수영민속예술관,,,,NNP,*,T,수영민속예술관,*,*,*,*
강서문화원,,,,NNP,*,T,강서문화원,*,*,*,*
해양자연사박물관,,,,NNP,*,T,해양자연사박물관,*,*,*,*
한광미술관,,,,NNP,*,T,한광미술관,*,*,*,*
수산과학관,,,,NNP,*,T,수산과학관,*,*,*,*
공간화랑,,,,NNP,*,T,공간화랑,*,*,*,*
세관박물관,,,,NNP,*,T,세관박물관,*,*,*,*
40계단 문화관,,,,NNP,*,T,40계단문화관,*,*,*,*
벡스코,,,,NNP,*,F,벡스코,*,*,*,*
BEXCO,,,,NNP,*,F,BEXCO,*,*,*,*
자유회관,,,,NNP,*,T,자유회관,*,*,*,*
통일관,,,,NNP,*,T,통일관,*,*,*,*
부전도서관,,,,NNP,*,T,부전도서관,*,*,*,*
사하도서관,,,,NNP,*,T,사하도서관,*,*,*,*
해운대도서관,,,,NNP,*,T,해운대도서관,*,*,*,*
동삼동패총전시관,,,,NNP,*,T,동삼동패총전시관,*,*,*,*
영도도서관,,,,NNP,*,T,영도도서관,*,*,*,*
중앙도서관,,,,NNP,*,T,중앙도서관,*,*,*,*
점자도서관,,,,NNP,*,T,점자도서관,*,*,*,*
국립국악원,,,,NNP,*,T,국립국악원,*,*,*,*
오륜대 한국순교자박물관,,,,NNP,*,T,오륜대한국순교자박물관,*,*,*,*
과학기술대학교 민속자료실,,,,NNP,*,T,과학기술대학교민속자료실,*,*,*,*
임시수도기념관,,,,NNP,*,T,임시수도기념관,*,*,*,*
우장춘기념관,,,,NNP,*,T,우장춘기념관,*,*,*,*
조선통신사역사관,,,,NNP,*,T,조선통신사역사관,*,*,*,*
국립해양박물관,,,,NNP,*,T,국립해양박물관,*,*,*,*
트릭아이뮤지엄,,,,NNP,*,T,트릭아이뮤지엄,*,*,*,*
누리마루 APEC하우스,,,,NNP,*,F,누리마루APEC하우스,*,*,*,*
킴스아트필드미술관,,,,NNP,*,T,킴스아트필드미술관,*,*,*,*
요산문학관,,,,NNP,*,T,요산문학관,*,*,*,*
이바구공작소,,,,NNP,*,F,이바구공작소,*,*,*,*
해양환경공단 해양환경교육원,,,,NNP,*,T,해양환경공단해양환경교육원,*,*,*,*
한국기독교선교박물관,,,,NNP,*,T,한국기독교선교박물관,*,*,*,*
국립일제강제동원역사관,,,,NNP,*,T,국립일제강제동원역사관,*,*,*,*
범어사,,,,NNP,*,F,범어사,*,*,*,*
범어사 성보박물관,,,,NNP,*,T,범어사성보박물관,*,*,*,*
정관박물관,,,,NNP,*,T,정관박물관,*,*,*,*
유엔평화기념관,,,,NNP,*,T,유엔평화기념관,*,*,*,*
스마트시티 전시관,,,,NNP,*,T,스마트시티전시관,*,*,*,*
현대미술관,,,,NNP,*,T,현대미술관,*,*,*,*
SEA LIFE 아쿠아리움,,,,NNP,*,T,SEALIFE아쿠아리움,*,*,*,*
씨 라이프,,,,NNP,*,F,씨라이프,*,*,*,*
국립과학관,,,,NNP,*,T,국립과학관,*,*,*,*
뮤지엄 원,,,,NNP,*,T,뮤지엄원,*,*,*,*
피아크,,,,NNP,*,F,피아크,*,*,*,*
P.ARK,,,,NNP,*,F,P.ARK,*,*,*,*
현대모터스튜디오,,,,NNP,*,F,현대모터스튜디오,*,*,*,*
영도 조내기 고구마 역사기념관,,,,NNP,*,T,영도조내기고구마역사기념관,*,*,*,*
고구마 역사기념관,,,,NNP,*,T,고구마역사기념관,*,*,*,*
놀이마루,,,,NNP,*,F,놀이마루,*,*,*,*
아난티코브 야외공연장,,,,NNP,*,T,아난티코브야외공연장,*,*,*,*
아난티코브,,,,NNP,*,F,아난티코브,*,*,*,*
서면미술관,,,,NNP,*,T,서면미술관,*,*,*,*
아레아식스,,,,NNP,*,F,아레아식스,*,*,*,*
AREA6,,,,NNP,*,T,AREA6,*,*,*,*
근대역사관,,,,NNP,*,T,근대역사관,*,*,*,*
한국신발관,,,,NNP,*,T,한국신발관,*,*,*,*
모노플렉스 오시리아,,,,NNP,*,F,모노플렉스오시리아,*,*,*,*
창비,,,,NNP,*,F,창비,*,*,*,*
박태준기념관,,,,NNP,*,T,박태준기념관,*,*,*,*
갤러리 ERD,,,,NNP,*,F,갤러리ERD,*,*,*,*
브릭캠퍼스,,,,NNP,*,F,브릭캠퍼스,*,*,*,*
센텀시티 아이스링크,,,,NNP,*,F,센텀시티아이스링크,*,*,*,*
용호동일대 바다낚시,,,,NNP,*,F,용호동일대바다낚시,*,*,*,*
해운대일대,,,,NNP,*,F,해운대일대,*,*,*,*
태종대일대,,,,NNP,*,F,태종대일대,*,*,*,*
수영만 요트경기장,,,,NNP,*,T,수영만요트경기장,*,*,*,*
아시아드주경기장,,,,NNP,*,T,아시아드주경기장,*,*,*,*
스포원파크 경륜장,,,,NNP,*,T,스포원파크경륜장,*,*,*,*
영도관광사격장,,,,NNP,*,T,영도관광사격장,*,*,*,*
다대 실내수영장,,,,NNP,*,T,다대실내수영장,*,*,*,*
갈맷길,,,,NNP,*,T,갈맷길,*,*,*,*
갈맷길 코스,,,,NNP,*,F,갈맷길코스,*,*,*,*
갈맷길 코스 구간,,,,NNP,*,T,갈맷길코스구간,*,*,*,*
민락교,,,,NNP,*,F,민락교,*,*,*,*
오륙도,,,,NNP,*,F,오륙도,*,*,*,*
해양스포츠교실,,,,NNP,*,T,해양스포츠교실,*,*,*,*
문탠로드,,,,NNP,*,F,문탠로드,*,*,*,*
송도 구름산책로,,,,NNP,*,F,송도구름산책로,*,*,*,*
스카이워크,,,,NNP,*,F,스카이워크,*,*,*,*
구덕야영장,,,,NNP,*,T,구덕야영장,*,*,*,*
회동수원지 둘레길,,,,NNP,*,T,회동수원지둘레길,*,*,*,*
해파랑길 2코스,,,,NNP,*,F,해파랑길2코스,*,*,*,*
해파랑길 1코스,,,,NNP,*,F,해파랑길1코스,*,*,*,*
해안누리길 몰운대길,,,,NNP,*,T,해안누리길몰운대길,*,*,*,*
부산항힐링야영장,,,,NNP,*,T,부산항힐링야영장,*,*,*,*
스카이라인 루지,,,,NNP,*,F,스카이라인루지,*,*,*,*
루지,,,,NNP,*,F,루지,*,*,*,*
대저캠핑장,,,,NNP,*,T,대저캠핑장,*,*,*,*
초원숲속캠핑장,,,,NNP,*,T,초원숲속캠핑장,*,*,*,*
장안캠프,,,,NNP,*,F,장안캠프,*,*,*,*
화명오토캠핑장,,,,NNP,*,T,화명오토캠핑장,*,*,*,*
동래 베네스트 골프클럽,,,,NNP,*,T,동래베네스트골프클럽,*,*,*,*
제이스글램핑,,,,NNP,*,T,제이스글램핑,*,*,*,*
임랑카라반파크,,,,NNP,*,F,임랑카라반파크,*,*,*,*
더무빙카라반,,,,NNP,*,T,더무빙카라반,*,*,*,*
지오클럽,,,,NNP,*,T,지오클럽,*,*,*,*
구포 무장애숲길,,,,NNP,*,T,구포무장애숲길,*,*,*,*
화명수상레포츠타운,,,,NNP,*,T,화명수상레포츠타운,*,*,*,*
삼락수상레포츠타운,,,,NNP,*,T,삼락수상레포츠타운,*,*,*,*
서프마린,,,,NNP,*,T,서프마린,*,*,*,*
송정서핑학교,,,,NNP,*,F,송정서핑학교,*,*,*,*
다이아몬드베이,,,,NNP,*,F,다이아몬드베이,*,*,*,*
송도해안볼레길,,,,NNP,*,T,송도해안볼레길,*,*,*,*
미포철길,,,,NNP,*,T,미포철길,*,*,*,*
요트투어,,,,NNP,*,F,요트투어,*,*,*,*
3355마린,,,,NNP,*,T,3355마린,*,*,*,*
요트탈래,,,,NNP,*,F,요트탈래,*,*,*,*
남파랑길,,,,NNP,*,T,남파랑길,*,*,*,*
해운대리버크루즈,,,,NNP,*,F,해운대리버크루즈,*,*,*,*
태종대스쿠버다이빙,,,,NNP,*,T,태종대스쿠버다이빙,*,*,*,*
어린이워터파크,,,,NNP,*,F,어린이워터파크,*,*,*,*
키득키득파크,,,,NNP,*,F,키득키득파크,*,*,*,*
화명생태공원,,,,NNP,*,T,화명생태공원,*,*,*,*
수영강상설카약체험,,,,NNP,*,T,수영강상설카약체험,*,*,*,*
아쿠아리움,,,,NNP,*,T,아쿠아리움,*,*,*,*
광안리패들보드,,,,NNP,*,F,광안리패들보드,*,*,*,*
해양치유프로그램,,,,NNP,*,T,해양치유프로그램,*,*,*,*
해운대,,,,NNP,*,F,해운대,*,*,*,*
광안리,,,,NNP,*,F,광안리,*,*,*,*
다대포,,,,NNP,*,F,다대포,*,*,*,*
키자니아,,,,NNP,*,T,키자니아,*,*,*,*
태권도체험,,,,NNP,*,T,태권도체험,*,*,*,*
어묵체험관,,,,NNP,*,T,어묵체험관,*,*,*,*
삼진어묵,,,,NNP,*,T,삼진어묵,*,*,*,*
낙동강생태탐방,,,,NNP,*,T,낙동강생태탐방,*,*,*,*
삼락생태공원오토캠핑장,,,,NNP,*,T,삼락생태공원오토캠핑장,*,*,*,*
영도마리나오토캠핑장,,,,NNP,*,T,영도마리나오토캠핑장,*,*,*,*
아이스링크,,,,NNP,*,F,아이스링크,*,*,*,*
달맞이갤러리도슨트투어,,,,NNP,*,F,달맞이갤러리도슨트투어,*,*,*,*
동래온천,,,,NNP,*,T,동래온천,*,*,*,*
허심청,,,,NNP,*,T,허심청,*,*,*,*
범어사 템플스테이,,,,NNP,*,F,범어사템플스테이,*,*,*,*
베리굿농장체험,,,,NNP,*,T,베리굿농장체험,*,*,*,*
자연곤충마을,,,,NNP,*,T,자연곤충마을,*,*,*,*
신발원,,,,NNP,*,T,신발원,*,*,*,*
초량밀면,,,,NNP,*,T,초량밀면,*,*,*,*
해운대암소갈비집,,,,NNP,*,T,해운대암소갈비집,*,*,*,*
본전돼지국밥,,,,NNP,*,T,본전돼지국밥,*,*,*,*
합천돼지국밥,,,,NNP,*,T,합천돼지국밥,*,*,*,*
상국이네,,,,NNP,*,F,상국이네,*,*,*,*
이재모피자,,,,NNP,*,F,이재모피자,*,*,*,*
금수복국 본점,,,,NNP,*,T,금수복국본점,*,*,*,*
웨이브온커피,,,,NNP,*,F,웨이브온커피,*,*,*,*
해성막창집 본점,,,,NNP,*,T,해성막창집본점,*,*,*,*
기장손칼국수,,,,NNP,*,F,기장손칼국수,*,*,*,*
해목,,,,NNP,*,T,해목,*,*,*,*
60년전통 할매국밥,,,,NNP,*,T,60년전통할매국밥,*,*,*,*
할매 가야밀면,,,,NNP,*,T,할매가야밀면,*,*,*,*
고옥,,,,NNP,*,T,고옥,*,*,*,*
할매집,,,,NNP,*,T,할매집,*,*,*,*
밀양순대돼지국밥 본점,,,,NNP,*,T,밀양순대돼지국밥본점,*,*,*,*
쌍둥이 돼지국밥,,,,NNP,*,T,쌍둥이돼지국밥,*,*,*,*
돼지국밥,,,,NNP,*,T,돼지국밥,*,*,*,*
다리집,,,,NNP,*,T,다리집,*,*,*,*
이가네 떡볶이,,,,NNP,*,F,이가네떡볶이,*,*,*,*
나가하마만게츠,,,,NNP,*,F,나가하마만게츠,*,*,*,*
해운대초량밀면 해운대점,,,,NNP,*,T,해운대초량밀면해운대점,*,*,*,*
밀면,,,,NNP,*,T,밀면,*,*,*,*
버거인뉴욕,,,,NNP,*,T,버거인뉴욕,*,*,*,*
쉑쉑버거 서면점,,,,NNP,*,T,쉑쉑버거서면점,*,*,*,*
브라운핸즈 백제,,,,NNP,*,F,브라운핸즈백제,*,*,*,*
옵스,,,,NNP,*,F,옵스,*,*,*,*
모모스 본점,,,,NNP,*,T,모모스본점,*,*,*,*
개미집 본점,,,,NNP,*,T,개미집본점,*,*,*,*
엄용백 돼지국밥,,,,NNP,*,T,엄용백돼지국밥,*,*,*,*
스타벅스,,,,NNP,*,F,스타벅스,*,*,*,*
바삭한밀면,,,,NNP,*,T,바삭한밀면,*,*,*,*
코하루,,,,NNP,*,F,코하루,*,*,*,*
수영 돼지국밥,,,,NNP,*,T,수영돼지국밥,*,*,*,*
송정3대국밥,,,,NNP,*,T,송정3대국밥,*,*,*,*
테라로사 수영점,,,,NNP,*,T,테라로사수영점,*,*,*,*
개금밀면,,,,NNP,*,T,개금밀면,*,*,*,*
칠암사계,,,,NNP,*,F,칠암사계,*,*,*,*
마가만두,,,,NNP,*,F,마가만두,*,*,*,*
수민이네,,,,NNP,*,F,수민이네,*,*,*,*
문토스트,,,,NNP,*,F,문토스트,*,*,*,*
딤딤섬,,,,NNP,*,T,딤딤섬,*,*,*,*
해운대기와집대구탕,,,,NNP,*,T,해운대기와집대구탕,*,*,*,*
영진돼지국밥,,,,NNP,*,T,영진돼지국밥,*,*,*,*
칸다소바,,,,NNP,*,F,칸다소바,*,*,*,*
카가와식당,,,,NNP,*,T,카가와식당,*,*,*,*
명물횟집,,,,NNP,*,T,명물횟집,*,*,*,*
톤쇼우 광안점,,,,NNP,*,T,톤쇼우광안점,*,*,*,*
원조족발,,,,NNP,*,T,원조족발,*,*,*,*
소문난 주문진 막국수,,,,NNP,*,T,소문난주문진막국수,*,*,*,*
해성막창집 센텀점,,,,NNP,*,T,해성막창집센텀점,*,*,*,*
해운대 가야밀면,,,,NNP,*,T,해운대가야밀면,*,*,*,*
비비비당,,,,NNP,*,T,비비비당,*,*,*,*
라라관,,,,NNP,*,T,라라관,*,*,*,*
우마이도,,,,NNP,*,F,우마이도,*,*,*,*
대정양곱창,,,,NNP,*,T,대정양곱창,*,*,*,*
다이도코로,,,,NNP,*,F,다이도코로,*,*,*,*
백화양곱창,,,,NNP,*,T,백화양곱창,*,*,*,*
해운대밀면,,,,NNP,*,T,해운대밀면,*,*,*,*
할매재첩국 본점,,,,NNP,*,T,할매재첩국본점,*,*,*,*
포항돼지국밥,,,,NNP,*,T,포항돼지국밥,*,*,*,*
바오하우스,,,,NNP,*,F,바오하우스,*,*,*,*
최뼈다구해장국,,,,NNP,*,T,최뼈다구해장국,*,*,*,*
딤타오,,,,NNP,*,F,딤타오,*,*,*,*
송정집,,,,NNP,*,T,송정집,*,*,*,*
뚱보집,,,,NNP,*,T,뚱보집,*,*,*,*
남천녹차팥빙수,,,,NNP,*,F,남천녹차팥빙수,*,*,*,*
자매국밥,,,,NNP,*,T,자매국밥,*,*,*,*
버거샵,,,,NNP,*,T,버거샵,*,*,*,*
에테르,,,,NNP,*,F,에테르,*,*,*,*
탐복,,,,NNP,*,T,탐복,*,*,*,*
바릇식당,,,,NNP,*,T,바릇식당,*,*,*,*
옥천사세탁,,,,NNP,*,T,옥천사세탁,*,*,*,*
스시미르네 본점,,,,NNP,*,T,스시미르네본점,*,*,*,*
속씨원한대구탕 해운대본점,,,,NNP,*,T,속씨원한대구탕해운대본점,*,*,*,*
초량1941,,,,NNP,*,T,초량1941,*,*,*,*
닭발의지존,,,,NNP,*,T,닭발의지존,*,*,*,*
고래사어묵,,,,NNP,*,T,고래사어묵,*,*,*,*
춘하추동,,,,NNP,*,T,춘하추동,*,*,*,*
어느 멋진 날,,,,NNP,*,T,어느멋진날,*,*,*,*
마이페이보릿쿠키,,,,NNP,*,T,마이페이보릿쿠키,*,*,*,*
핑거스앤챗,,,,NNP,*,T,핑거스앤챗,*,*,*,*
한월식당,,,,NNP,*,T,한월식당,*,*,*,*
수변최고돼지국밥 민락본점,,,,NNP,*,T,수변최고돼지국밥민락본점,*,*,*,*
카페 드 220볼트,,,,NNP,*,F,카페드220볼트,*,*,*,*
cafe de 220VOLT,,,,NNP,*,F,cafede220VOLT,*,*,*,*
해물왕창칼국수,,,,NNP,*,F,해물왕창칼국수,*,*,*,*
미미루,,,,NNP,*,F,미미루,*,*,*,*
식당3선,,,,NNP,*,T,식당3선,*,*,*,*
알천,,,,NNP,*,T,알천,*,*,*,*
모루식당,,,,NNP,*,T,모루식당,*,*,*,*
어밤부,,,,NNP,*,F,어밤부,*,*,*,*
헤이든,,,,NNP,*,T,헤이든,*,*,*,*
공극샌드커피,,,,NNP,*,F,공극샌드커피,*,*,*,*
피아크,,,,NNP,*,F,피아크,*,*,*,*
거대갈비,,,,NNP,*,F,거대갈비,*,*,*,*
다솥맛집,,,,NNP,*,T,다솥맛집,*,*,*,*
풍원장미역국정찬 마린시티점,,,,NNP,*,T,풍원장미역국정찬마린시티점,*,*,*,*
마이클어반팜테이블,,,,NNP,*,T,마이클어반팜테이블,*,*,*,*
모모스로스터리,,,,NNP,*,T,모모스로스터리,*,*,*,*
커피바,,,,NNP,*,F,커피바,*,*,*,*
히떼로스터리,,,,NNP,*,F,히떼로스터리,*,*,*,*
동래할매파전,,,,NNP,*,T,동래할매파전,*,*,*,*
동경밥상,,,,NNP,*,T,동경밥상,*,*,*,*
마라도,,,,NNP,*,F,마라도,*,*,*,*
동백섬횟집,,,,NNP,*,T,동백섬횟집,*,*,*,*
언양불고기집,,,,NNP,*,T,언양불고기집,*,*,*,*
젠스시,,,,NNP,*,F,젠스시,*,*,*,*
사까에,,,,NNP,*,F,사까에,*,*,*,*
블랙업,,,,NNP,*,T,블랙업,*,*,*,*
베르크로스터스,,,,NNP,*,F,베르크로스터스,*,*,*,*
모모야마,,,,NNP,*,F,모모야마,*,*,*,*
커피어웨이크,,,,NNP,*,F,커피어웨이크,*,*,*,*
바다축제,,,,NNP,*,F,바다축제,*,*,*,*
수국축제,,,,NNP,*,F,수국축제,*,*,*,*
금정산성축제,,,,NNP,*,F,금정산성축제,*,*,*,*
낙동강구포나루축제,,,,NNP,*,F,낙동강구포나루축제,*,*,*,*
불꽃축제,,,,NNP,*,F,불꽃축제,*,*,*,*
삼광사연등축제,,,,NNP,*,F,삼광사연등축제,*,*,*,*
원도심골목길축제,,,,NNP,*,F,원도심골목길축제,*,*,*,*
해운대모래축제,,,,NNP,*,F,해운대모래축제,*,*,*,*
부산항축제,,,,NNP,*,F,부산항축제,*,*,*,*
동래읍성 역사축제,,,,NNP,*,F,동래읍성역사축제,*,*,*,*
자갈치축제,,,,NNP,*,F,자갈치축제,*,*,*,*
차이나타운특구 문화축제,,,,NNP,*,F,차이나타운특구문화축제,*,*,*,*
비엔날레,,,,NNP,*,F,비엔날레,*,*,*,*
해운대빛축제,,,,NNP,*,F,해운대빛축제,*,*,*,*
기장미역다시마축제,,,,NNP,*,F,기장미역다시마축제,*,*,*,*
광안리어방축제,,,,NNP,*,F,광안리어방축제,*,*,*,*
기장멸치축제,,,,NNP,*,F,기장멸치축제,*,*,*,*
크리스마스트리문화축제,,,,NNP,*,F,크리스마스트리문화축제,*,*,*,*
국제록페스티벌,,,,NNP,*,T,국제록페스티벌,*,*,*,*
낙동강유채꽃축제,,,,NNP,*,F,낙동강유채꽃축제,*,*,*,*
대저토마토축제,,,,NNP,*,F,대저토마토축제,*,*,*,*
삼락벚꽃축제,,,,NNP,*,F,삼락벚꽃축제,*,*,*,*
사상강변축제,,,,NNP,*,F,사상강변축제,*,*,*,*
해운대달맞이온천축제,,,,NNP,*,F,해운대달맞이온천축제,*,*,*,*
해운대북극곰축제,,,,NNP,*,F,해운대북극곰축제,*,*,*,*
조선통신사축제,,,,NNP,*,F,조선통신사축제,*,*,*,*
국제영화제,,,,NNP,*,F,국제영화제,*,*,*,*
감천문화마을골목축제,,,,NNP,*,F,감천문화마을골목축제,*,*,*,*
푸드필름페스타,,,,NNP,*,F,푸드필름페스타,*,*,*,*
원아시아페스티벌,,,,NNP,*,T,원아시아페스티벌,*,*,*,*
원아페,,,,NNP,*,F,원아페,*,*,*,*
BOF,,,,NNP,*,F,BOF,*,*,*,*
강서낙동강변30리벚꽃축제,,,,NNP,*,F,강서낙동강변30리벚꽃축제,*,*,*,*
하단포구웅어축제,,,,NNP,*,F,하단포구웅어축제,*,*,*,*
금정산성축제,,,,NNP,*,F,금정산성축제,*,*,*,*
수국꽃문화축제,,,,NNP,*,F,수국꽃문화축제,*,*,*,*
기장갯마을축제,,,,NNP,*,F,기장갯마을축제,*,*,*,*
명지시장전어축제,,,,NNP,*,F,명지시장전어축제,*,*,*,*
해운대해양레저축제,,,,NNP,*,F,해운대해양레저축제,*,*,*,*
라라라페스티벌,,,,NNP,*,T,라라라페스티벌,*,*,*,*
정관생태하천학습문화축제,,,,NNP,*,F,정관생태하천학습문화축제,*,*,*,*
철마한우불고기축제,,,,NNP,*,F,철마한우불고기축제,*,*,*,*
UN평화축제,,,,NNP,*,F,UN평화축제,*,*,*,*
차성문화제,,,,NNP,*,F,차성문화제,*,*,*,*
서면메디컬스트리트축제,,,,NNP,*,F,서면메디컬스트리트축제,*,*,*,*
전포커피축제,,,,NNP,*,F,전포커피축제,*,*,*,*
기장붕장어축제,,,,NNP,*,F,기장붕장어축제,*,*,*,*
영도다리축제,,,,NNP,*,F,영도다리축제,*,*,*,*
영도커피페스티벌,,,,NNP,*,T,영도커피페스티벌,*,*,*,*
연제고분판타지축제,,,,NNP,*,F,연제고분판타지축제,*,*,*,*
다대포어항문화축제,,,,NNP,*,F,다대포어항문화축제,*,*,*,*
보수동책방골목문화축제,,,,NNP,*,F,보수동책방골목문화축제,*,*,*,*
고등어축제,,,,NNP,*,F,고등어축제,*,*,*,*
카운트다운,,,,NNP,*,T,카운트다운,*,*,*,*
해맞이축제,,,,NNP,*,F,해맞이축제,*,*,*,*
